{
  "cases": 90,
  "answered": 87,
  "top1_accuracy": 0.9333333333333333,
  "top3_accuracy": 0.9666666666666667,
  "precision": 1.0,
  "recall": 0.9666666666666667,
  "avg_latency_ms": 80.67474622237367,
  "p95_latency_ms": 31.268875005480368
}