{
  "cases": 90,
  "answered": 87,
  "top1_accuracy": 0.9333333333333333,
  "top3_accuracy": 0.9666666666666667,
  "precision": 1.0,
  "recall": 0.9666666666666667,
  "avg_latency_ms": 92.27205605622859,
  "p95_latency_ms": 38.40229100023862
}